Quantity,UnitPrice,customer_id,product_id,staff_id,Date,TotalSales,DayOfWeek,transaction_id
2,12.532304149429804,1,1,1,2023-01-01,25.064608298859607,Sunday,1
1,7.083069895947755,2,2,2,2023-01-01,7.083069895947755,Sunday,2
5,6.736064100180581,3,3,3,2023-01-01,33.68032050090291,Sunday,3
2,7.314823479246191,4,4,4,2023-01-01,14.629646958492382,Sunday,4
1,7.577727219906418,5,5,5,2023-01-01,7.577727219906418,Sunday,5
2,14.568156389954508,6,6,6,2023-01-01,29.136312779909016,Sunday,6
3,16.114718754118677,7,7,7,2023-01-01,48.34415626235603,Sunday,7
5,12.94987284389628,8,8,8,2023-01-01,64.74936421948141,Sunday,8
4,17.435265988182366,9,9,9,2023-01-01,69.74106395272946,Sunday,9
2,19.8689484010045,10,10,10,2023-01-01,39.737896802009,Sunday,10
3,17.30018943679034,11,11,11,2023-01-01,51.90056831037102,Sunday,11
4,15.423235605139388,12,12,12,2023-01-01,61.69294242055755,Sunday,12
4,12.9873904915572,13,13,13,2023-01-01,51.9495619662288,Sunday,13
2,11.732796075120625,14,14,14,2023-01-01,23.46559215024125,Sunday,14
1,6.265885708168135,15,15,15,2023-01-01,6.265885708168135,Sunday,15
2,10.990531225920364,16,16,16,2023-01-01,21.981062451840728,Sunday,16
3,18.65201955173201,17,17,17,2023-01-01,55.956058655196045,Sunday,17
4,17.120339448598294,18,18,18,2023-01-01,68.48135779439318,Sunday,18
2,8.240770475175308,19,19,19,2023-01-01,16.481540950350617,Sunday,19
1,11.999116770458238,20,20,20,2023-01-01,11.999116770458238,Sunday,20
2,17.25084803837817,21,21,21,2023-01-01,34.50169607675634,Sunday,21
5,6.010768321782837,22,22,22,2023-01-01,30.053841608914187,Sunday,22
1,10.810888785029888,23,23,23,2023-01-01,10.810888785029888,Sunday,23
3,17.777618553109214,24,24,24,2023-01-01,53.33285565932764,Sunday,24
4,11.058467962551855,25,25,25,2023-01-02,44.23387185020742,Monday,25
2,6.1642196709716135,26,26,26,2023-01-02,12.328439341943229,Monday,26
1,13.138015527983772,27,27,27,2023-01-02,13.138015527983772,Monday,27
5,17.926137423774428,28,28,28,2023-01-02,89.63068711887215,Monday,28
1,13.854283144297396,29,29,29,2023-01-02,13.854283144297396,Monday,29
5,8.394186623213477,30,30,30,2023-01-02,41.970933116067386,Monday,30
3,10.76359430206072,31,31,31,2023-01-02,32.29078290618216,Monday,31
4,11.751850417728985,32,32,32,2023-01-02,47.00740167091593,Monday,32
3,13.688995307307902,33,33,33,2023-01-02,41.0669859219237,Monday,33
2,16.390265386289194,34,34,34,2023-01-02,32.78053077257839,Monday,34
1,6.483104264609532,35,35,35,2023-01-02,6.483104264609532,Monday,35
5,18.344780495263496,36,36,36,2023-01-02,91.72390247631748,Monday,36
5,5.184645545241134,37,37,37,2023-01-02,25.923227726205667,Monday,37
1,10.550785020113828,38,38,38,2023-01-02,10.550785020113828,Monday,38
1,5.411304649589865,39,39,39,2023-01-02,5.411304649589865,Monday,39
2,10.894613380179369,40,40,40,2023-01-02,21.789226760358737,Monday,40
3,12.887188983099858,41,41,41,2023-01-02,38.66156694929957,Monday,41
5,12.675220798722677,42,42,42,2023-01-02,63.37610399361338,Monday,42
2,7.48442520542398,43,43,43,2023-01-02,14.96885041084796,Monday,43
3,14.686107651434185,44,44,44,2023-01-02,44.05832295430256,Monday,44
2,5.671676757570023,45,45,45,2023-01-02,11.343353515140048,Monday,45
5,16.42860230198623,46,46,46,2023-01-02,82.14301150993116,Monday,46
1,19.1996665099032,47,47,47,2023-01-02,19.1996665099032,Monday,47
1,10.096532407266768,48,48,48,2023-01-02,10.096532407266768,Monday,48
3,12.758590725714978,49,49,49,2023-01-03,38.27577217714493,Tuesday,49
4,10.683654170882216,50,50,50,2023-01-03,42.73461668352886,Tuesday,50
3,5.100655854560899,51,51,51,2023-01-03,15.301967563682698,Tuesday,51
4,10.78811754342674,52,52,52,2023-01-03,43.15247017370696,Tuesday,52
2,16.875803888920196,53,53,53,2023-01-03,33.75160777784039,Tuesday,53
2,13.939832632752228,54,54,54,2023-01-03,27.879665265504453,Tuesday,54
5,6.518898719227384,55,55,55,2023-01-03,32.594493596136914,Tuesday,55
4,17.707092345406778,56,56,56,2023-01-03,70.82836938162711,Tuesday,56
5,12.966280173278642,57,57,57,2023-01-03,64.83140086639321,Tuesday,57
1,17.62585042617014,58,58,58,2023-01-03,17.62585042617014,Tuesday,58
4,13.70332278177544,59,59,59,2023-01-03,54.81329112710176,Tuesday,59
3,13.395326672569098,60,60,60,2023-01-03,40.185980017707294,Tuesday,60
1,6.5788877779551855,61,61,61,2023-01-03,6.5788877779551855,Tuesday,61
1,7.510395997079419,62,62,62,2023-01-03,7.510395997079419,Tuesday,62
3,19.580378847448863,63,63,63,2023-01-03,58.7411365423466,Tuesday,63
1,8.427301201321562,64,64,64,2023-01-03,8.427301201321562,Tuesday,64
4,19.66178176985552,65,65,65,2023-01-03,78.64712707942208,Tuesday,65
5,12.97869059786395,66,66,66,2023-01-03,64.89345298931975,Tuesday,66
1,7.0368357059590565,67,67,67,2023-01-03,7.0368357059590565,Tuesday,67
4,6.489533041305394,68,68,68,2023-01-03,25.958132165221578,Tuesday,68
2,8.1329610605861,69,69,69,2023-01-03,16.2659221211722,Tuesday,69
4,18.88455995038004,70,70,70,2023-01-03,75.53823980152015,Tuesday,70
5,11.212253364923402,71,71,71,2023-01-03,56.06126682461701,Tuesday,71
4,10.931514019893717,72,72,72,2023-01-03,43.72605607957486,Tuesday,72
3,9.69809391605261,73,73,73,2023-01-04,29.09428174815783,Wednesday,73
5,7.2059277584988255,74,74,74,2023-01-04,36.029638792494126,Wednesday,74
2,12.317767957886096,75,75,75,2023-01-04,24.635535915772195,Wednesday,75
3,6.95071673766708,76,76,76,2023-01-04,20.85215021300124,Wednesday,76
4,17.532203545734916,77,77,77,2023-01-04,70.12881418293966,Wednesday,77
5,10.555954794129596,78,78,78,2023-01-04,52.77977397064799,Wednesday,78
2,10.622053516726943,79,79,79,2023-01-04,21.24410703345389,Wednesday,79
3,12.110096427247338,80,80,80,2023-01-04,36.33028928174201,Wednesday,80
2,11.661915697486275,81,81,81,2023-01-04,23.32383139497255,Wednesday,81
4,19.92286959588982,82,82,82,2023-01-04,79.69147838355929,Wednesday,82
2,13.180716818274538,83,83,83,2023-01-04,26.36143363654908,Wednesday,83
1,6.3230255568480604,84,84,84,2023-01-04,6.3230255568480604,Wednesday,84
3,14.10316012365395,85,85,85,2023-01-04,42.30948037096185,Wednesday,85
2,7.273764393048199,86,86,86,2023-01-04,14.547528786096398,Wednesday,86
4,5.46406467097013,87,87,87,2023-01-04,21.85625868388052,Wednesday,87
4,19.56113230515872,88,88,88,2023-01-04,78.24452922063489,Wednesday,88
2,16.603083373018457,89,89,89,2023-01-04,33.206166746036914,Wednesday,89
4,19.701634886206502,90,90,90,2023-01-04,78.80653954482602,Wednesday,90
5,12.168176720333635,91,91,91,2023-01-04,60.84088360166818,Wednesday,91
5,12.983862967234645,92,92,92,2023-01-04,64.91931483617321,Wednesday,92
5,7.525054338786953,93,93,93,2023-01-04,37.62527169393477,Wednesday,93
1,8.703611400013784,94,94,94,2023-01-04,8.703611400013784,Wednesday,94
2,17.57823822354242,95,95,95,2023-01-04,35.15647644708484,Wednesday,95
1,10.342784706763911,96,96,96,2023-01-04,10.342784706763911,Wednesday,96
4,17.402224606946284,97,97,97,2023-01-05,69.60889842778514,Thursday,97
1,15.635205864305476,98,98,98,2023-01-05,15.635205864305476,Thursday,98
4,7.6575638790779825,99,99,99,2023-01-05,30.63025551631193,Thursday,99
4,12.611695491796132,100,100,100,2023-01-05,50.44678196718453,Thursday,100
3,15.160809822780752,101,101,101,2023-01-05,45.48242946834226,Thursday,101
5,8.525558222057377,102,102,102,2023-01-05,42.627791110286886,Thursday,102
4,17.46032765780115,103,103,103,2023-01-05,69.8413106312046,Thursday,103
3,13.172414863177805,104,104,104,2023-01-05,39.517244589533405,Thursday,104
5,7.478630756639048,105,105,105,2023-01-05,37.39315378319524,Thursday,105
4,13.744766392469035,106,106,106,2023-01-05,54.97906556987615,Thursday,106
4,19.99570706233871,107,107,107,2023-01-05,79.98282824935484,Thursday,107
1,7.257822374951203,108,108,108,2023-01-05,7.257822374951203,Thursday,108
1,17.25135395179292,109,109,109,2023-01-05,17.25135395179292,Thursday,109
5,8.10963504781337,110,110,110,2023-01-05,40.54817523906685,Thursday,110
4,16.73582494190131,111,111,111,2023-01-05,66.94329976760524,Thursday,111
2,16.0186688468212,112,112,112,2023-01-05,32.0373376936424,Thursday,112
1,9.507340784006486,113,113,113,2023-01-05,9.507340784006486,Thursday,113
5,9.887346763466748,114,114,114,2023-01-05,49.43673381733375,Thursday,114
4,16.887820879443787,115,115,115,2023-01-05,67.55128351777515,Thursday,115
4,11.92168267830969,116,116,116,2023-01-05,47.68673071323876,Thursday,116
2,15.962270430677131,117,117,117,2023-01-05,31.924540861354263,Thursday,117
5,7.219762210487522,118,118,118,2023-01-05,36.09881105243761,Thursday,118
4,17.7883667285233,119,119,119,2023-01-05,71.1534669140932,Thursday,119
1,15.663270750234789,120,120,120,2023-01-05,15.663270750234789,Thursday,120
2,18.604142132522508,121,121,121,2023-01-06,37.208284265045016,Friday,121
5,6.985585685524587,122,122,122,2023-01-06,34.92792842762293,Friday,122
2,13.895217505408963,123,123,123,2023-01-06,27.79043501081793,Friday,123
1,13.986808775604878,124,124,124,2023-01-06,13.986808775604878,Friday,124
5,10.301911108201736,125,125,125,2023-01-06,51.50955554100868,Friday,125
2,11.876996368538869,126,126,126,2023-01-06,23.75399273707773,Friday,126
3,5.569723449347802,127,127,127,2023-01-06,16.709170348043408,Friday,127
1,16.18790057940518,128,128,128,2023-01-06,16.18790057940518,Friday,128
1,13.239837191047611,129,129,129,2023-01-06,13.239837191047611,Friday,129
1,5.866115778037607,130,130,130,2023-01-06,5.866115778037607,Friday,130
3,15.211338394407283,131,131,131,2023-01-06,45.63401518322185,Friday,131
3,12.00173115846782,132,132,132,2023-01-06,36.00519347540346,Friday,132
4,5.516918891375,133,133,133,2023-01-06,22.0676755655,Friday,133
2,19.54411590272143,134,134,134,2023-01-06,39.08823180544286,Friday,134
4,19.236682146341607,135,135,135,2023-01-06,76.94672858536643,Friday,135
2,12.693536242207964,136,136,136,2023-01-06,25.387072484415928,Friday,136
3,6.405086310588652,137,137,137,2023-01-06,19.21525893176596,Friday,137
3,16.319318323978877,138,138,138,2023-01-06,48.95795497193663,Friday,138
4,12.378966501585936,139,139,139,2023-01-06,49.51586600634374,Friday,139
5,9.5367121743407,140,140,140,2023-01-06,47.6835608717035,Friday,140
4,12.371272662928352,141,141,141,2023-01-06,49.485090651713406,Friday,141
2,12.836662181081966,142,142,142,2023-01-06,25.67332436216393,Friday,142
4,13.440675485335088,143,143,143,2023-01-06,53.76270194134035,Friday,143
1,11.6183557048299,144,144,144,2023-01-06,11.6183557048299,Friday,144
2,14.08632954708585,145,145,145,2023-01-07,28.1726590941717,Saturday,145
2,18.78102065909566,146,146,146,2023-01-07,37.56204131819132,Saturday,146
5,10.434021306478868,147,147,147,2023-01-07,52.17010653239434,Saturday,147
3,15.885746948299236,148,148,148,2023-01-07,47.65724084489771,Saturday,148
2,18.416788352363483,149,149,149,2023-01-07,36.833576704726966,Saturday,149
3,11.839689136399054,150,150,150,2023-01-07,35.51906740919716,Saturday,150
4,11.65183754572856,151,151,151,2023-01-07,46.607350182914246,Saturday,151
1,14.031754780321693,152,152,152,2023-01-07,14.031754780321693,Saturday,152
5,13.87110139133732,153,153,153,2023-01-07,69.35550695668661,Saturday,153
3,17.098840134894154,154,154,154,2023-01-07,51.29652040468246,Saturday,154
2,12.14725075667439,155,155,155,2023-01-07,24.29450151334878,Saturday,155
3,19.941844244591618,156,156,156,2023-01-07,59.82553273377485,Saturday,156
2,5.892073533009212,157,157,157,2023-01-07,11.784147066018424,Saturday,157
3,5.047517728710526,158,158,158,2023-01-07,15.142553186131575,Saturday,158
2,14.602974673394357,159,159,159,2023-01-07,29.20594934678872,Saturday,159
4,9.47652368542815,160,160,160,2023-01-07,37.9060947417126,Saturday,160
2,8.605735830492257,161,161,161,2023-01-07,17.211471660984515,Saturday,161
2,9.678486200064206,162,162,162,2023-01-07,19.356972400128413,Saturday,162
1,8.840713476574315,163,163,163,2023-01-07,8.840713476574315,Saturday,163
2,5.461850744906718,164,164,164,2023-01-07,10.923701489813435,Saturday,164
1,19.57299563585883,165,165,165,2023-01-07,19.57299563585883,Saturday,165
5,8.311182326791727,166,166,166,2023-01-07,41.55591163395863,Saturday,166
1,16.010446438839594,167,167,167,2023-01-07,16.010446438839594,Saturday,167
4,16.43894592041263,168,168,168,2023-01-07,65.75578368165051,Saturday,168
1,18.93886097010844,169,169,169,2023-01-08,18.93886097010844,Sunday,169
5,5.4582418564007,170,170,170,2023-01-08,27.2912092820035,Sunday,170
4,18.080725076705114,171,171,171,2023-01-08,72.32290030682046,Sunday,171
3,12.908392712597005,172,172,172,2023-01-08,38.725178137791005,Sunday,172
3,14.488161649487418,173,173,173,2023-01-08,43.46448494846226,Sunday,173
1,14.667054156815505,174,174,174,2023-01-08,14.667054156815505,Sunday,174
1,17.29696707477091,175,175,175,2023-01-08,17.29696707477091,Sunday,175
5,10.001109832386655,176,176,176,2023-01-08,50.00554916193329,Sunday,176
5,15.9957678478999,177,177,177,2023-01-08,79.97883923949951,Sunday,177
2,12.928671645832956,178,178,178,2023-01-08,25.85734329166592,Sunday,178
5,16.900910214580215,179,179,179,2023-01-08,84.50455107290108,Sunday,179
2,19.858190491552,180,180,180,2023-01-08,39.716380983104,Sunday,180
4,8.009765261056419,181,181,181,2023-01-08,32.03906104422568,Sunday,181
1,19.919729623399967,182,182,182,2023-01-08,19.919729623399967,Sunday,182
4,6.347182314241611,183,183,183,2023-01-08,25.38872925696644,Sunday,183
5,5.034763218572208,184,184,184,2023-01-08,25.17381609286104,Sunday,184
4,5.662429042667469,185,185,185,2023-01-08,22.64971617066988,Sunday,185
4,10.126736071051424,186,186,186,2023-01-08,40.5069442842057,Sunday,186
4,14.493594960176512,187,187,187,2023-01-08,57.97437984070605,Sunday,187
5,6.035443113317744,188,188,188,2023-01-08,30.17721556658872,Sunday,188
4,5.084987217943509,189,189,189,2023-01-08,20.33994887177404,Sunday,189
2,19.05636542688192,190,190,190,2023-01-08,38.11273085376384,Sunday,190
5,17.328899539098945,191,191,191,2023-01-08,86.64449769549472,Sunday,191
4,17.137747567085466,192,192,192,2023-01-08,68.55099026834186,Sunday,192
5,18.266364132529656,193,193,193,2023-01-09,91.33182066264828,Monday,193
3,15.500514091581566,194,194,194,2023-01-09,46.5015422747447,Monday,194
2,6.566061946221222,195,195,195,2023-01-09,13.132123892442443,Monday,195
4,10.986502821105846,196,196,196,2023-01-09,43.946011284423385,Monday,196
3,15.847242296969442,197,197,197,2023-01-09,47.54172689090833,Monday,197
3,9.205016911872814,198,198,198,2023-01-09,27.615050735618443,Monday,198
5,15.311095462043564,199,199,199,2023-01-09,76.55547731021782,Monday,199
3,5.367476724014785,200,200,200,2023-01-09,16.102430172044354,Monday,200
2,9.5920601131939,201,201,201,2023-01-09,19.1841202263878,Monday,201
2,13.23695504415759,202,202,202,2023-01-09,26.47391008831518,Monday,202
1,14.481347442593634,203,203,203,2023-01-09,14.481347442593634,Monday,203
2,13.655609966928662,204,204,204,2023-01-09,27.311219933857323,Monday,204
3,15.466344141101445,205,205,205,2023-01-09,46.39903242330433,Monday,205
2,5.091331223597586,206,206,206,2023-01-09,10.182662447195172,Monday,206
5,6.514117999662823,207,207,207,2023-01-09,32.57058999831411,Monday,207
1,18.03416378418717,208,208,208,2023-01-09,18.03416378418717,Monday,208
3,15.226229661352418,209,209,209,2023-01-09,45.67868898405725,Monday,209
1,6.69397464029017,210,210,210,2023-01-09,6.69397464029017,Monday,210
3,17.63111656097869,211,211,211,2023-01-09,52.89334968293607,Monday,211
5,8.633468267368503,212,212,212,2023-01-09,43.16734133684251,Monday,212
1,12.173898262928352,213,213,213,2023-01-09,12.173898262928352,Monday,213
4,7.177947693269904,214,214,214,2023-01-09,28.711790773079617,Monday,214
3,15.6516508463256,215,215,215,2023-01-09,46.9549525389768,Monday,215
4,15.002816315214018,216,216,216,2023-01-09,60.01126526085607,Monday,216
1,8.166687067492042,217,217,217,2023-01-10,8.166687067492042,Tuesday,217
4,17.951011502855028,218,218,218,2023-01-10,71.80404601142011,Tuesday,218
4,11.019590363295682,219,219,219,2023-01-10,44.07836145318273,Tuesday,219
1,9.387726366061129,220,220,220,2023-01-10,9.387726366061129,Tuesday,220
5,7.284943841968031,221,221,221,2023-01-10,36.42471920984016,Tuesday,221
4,8.992520187733062,222,222,222,2023-01-10,35.97008075093225,Tuesday,222
4,5.330403818357255,223,223,223,2023-01-10,21.32161527342902,Tuesday,223
5,13.748862386841733,224,224,224,2023-01-10,68.74431193420867,Tuesday,224
4,17.63346119515922,225,225,225,2023-01-10,70.53384478063688,Tuesday,225
4,13.234706741624628,226,226,226,2023-01-10,52.93882696649851,Tuesday,226
4,8.289109428858136,227,227,227,2023-01-10,33.156437715432546,Tuesday,227
2,5.505037673208091,228,228,228,2023-01-10,11.010075346416182,Tuesday,228
5,8.219421098882043,229,229,229,2023-01-10,41.097105494410215,Tuesday,229
4,11.241821421066383,230,230,230,2023-01-10,44.96728568426554,Tuesday,230
5,16.394171430496947,231,231,231,2023-01-10,81.97085715248474,Tuesday,231
3,7.817642788066612,232,232,232,2023-01-10,23.452928364199835,Tuesday,232
3,15.796871800320291,233,233,233,2023-01-10,47.39061540096088,Tuesday,233
4,18.004002025278254,234,234,234,2023-01-10,72.01600810111302,Tuesday,234
5,11.809202721625356,235,235,235,2023-01-10,59.04601360812678,Tuesday,235
5,17.3214798746389,236,236,236,2023-01-10,86.6073993731945,Tuesday,236
5,13.319860220526431,237,237,237,2023-01-10,66.59930110263217,Tuesday,237
2,14.556362556213577,238,238,238,2023-01-10,29.11272511242715,Tuesday,238
3,12.89417690507304,239,239,239,2023-01-10,38.68253071521912,Tuesday,239
5,11.947590751270129,240,240,240,2023-01-10,59.73795375635064,Tuesday,240
5,8.51980162663774,241,241,241,2023-01-11,42.599008133188704,Wednesday,241
2,9.547910891915691,242,242,242,2023-01-11,19.095821783831383,Wednesday,242
2,9.349551784154135,243,243,243,2023-01-11,18.69910356830827,Wednesday,243
5,13.44933396430722,244,244,244,2023-01-11,67.2466698215361,Wednesday,244
1,6.799305395358349,245,245,245,2023-01-11,6.799305395358349,Wednesday,245
5,18.751875360535028,246,246,246,2023-01-11,93.75937680267512,Wednesday,246
5,15.8098271792467,247,247,247,2023-01-11,79.0491358962335,Wednesday,247
2,11.021684463697904,248,248,248,2023-01-11,22.04336892739581,Wednesday,248
2,7.379362167895669,249,249,249,2023-01-11,14.75872433579134,Wednesday,249
5,18.229882545824537,250,250,250,2023-01-11,91.14941272912267,Wednesday,250
5,17.356671351517477,251,251,251,2023-01-11,86.78335675758738,Wednesday,251
5,15.82582329075769,252,252,252,2023-01-11,79.12911645378844,Wednesday,252
2,9.073205711168637,253,253,253,2023-01-11,18.14641142233728,Wednesday,253
5,11.036699561505037,254,254,254,2023-01-11,55.18349780752517,Wednesday,254
5,6.54122378678635,255,255,255,2023-01-11,32.70611893393175,Wednesday,255
4,7.835592870912976,256,256,256,2023-01-11,31.342371483651903,Wednesday,256
1,16.745249559750995,257,257,257,2023-01-11,16.745249559750995,Wednesday,257
3,15.725580782760256,258,258,258,2023-01-11,47.17674234828077,Wednesday,258
1,13.90228644463902,259,259,259,2023-01-11,13.90228644463902,Wednesday,259
4,18.4359008888926,260,260,260,2023-01-11,73.74360355557037,Wednesday,260
3,13.74899776719568,261,261,261,2023-01-11,41.24699330158704,Wednesday,261
5,12.00451999945416,262,262,262,2023-01-11,60.0225999972708,Wednesday,262
4,10.10556119458644,263,263,263,2023-01-11,40.42224477834576,Wednesday,263
5,19.106727586042588,264,264,264,2023-01-11,95.53363793021292,Wednesday,264
2,6.240731922865303,265,265,265,2023-01-12,12.481463845730604,Thursday,265
4,18.963310580912125,266,266,266,2023-01-12,75.8532423236485,Thursday,266
2,17.400719898965274,267,267,267,2023-01-12,34.80143979793055,Thursday,267
4,6.94894886803552,268,268,268,2023-01-12,27.79579547214208,Thursday,268
4,13.474765365128803,269,269,269,2023-01-12,53.89906146051521,Thursday,269
2,17.998219726236304,270,270,270,2023-01-12,35.99643945247261,Thursday,270
3,13.577137454107303,271,271,271,2023-01-12,40.73141236232192,Thursday,271
1,18.607997323409336,272,272,272,2023-01-12,18.607997323409336,Thursday,272
5,19.14475725224064,273,273,273,2023-01-12,95.7237862612032,Thursday,273
4,11.335767832764589,274,274,274,2023-01-12,45.343071331058354,Thursday,274
5,10.659704921094852,275,275,275,2023-01-12,53.29852460547427,Thursday,275
2,19.04481730953735,276,276,276,2023-01-12,38.0896346190747,Thursday,276
5,15.127100917245022,277,277,277,2023-01-12,75.63550458622511,Thursday,277
2,6.74034022022254,278,278,278,2023-01-12,13.48068044044508,Thursday,278
5,5.634376238340218,279,279,279,2023-01-12,28.17188119170109,Thursday,279
1,13.469435764958948,280,280,280,2023-01-12,13.469435764958948,Thursday,280
1,18.952564481576367,281,281,281,2023-01-12,18.952564481576367,Thursday,281
1,17.663730536087275,282,282,282,2023-01-12,17.663730536087275,Thursday,282
1,15.137716196965046,283,283,283,2023-01-12,15.137716196965046,Thursday,283
1,7.086737733366313,284,284,284,2023-01-12,7.086737733366313,Thursday,284
1,8.813470756230434,285,285,285,2023-01-12,8.813470756230434,Thursday,285
2,18.13266839828924,286,286,286,2023-01-12,36.26533679657848,Thursday,286
4,7.742108549853507,287,287,287,2023-01-12,30.968434199414027,Thursday,287
5,9.176591123756518,288,288,288,2023-01-12,45.88295561878259,Thursday,288
1,6.944009767931629,289,289,289,2023-01-13,6.944009767931629,Friday,289
2,15.141623471216167,290,290,290,2023-01-13,30.28324694243233,Friday,290
2,19.159734580448145,291,291,291,2023-01-13,38.31946916089629,Friday,291
2,9.03452047393079,292,292,292,2023-01-13,18.06904094786158,Friday,292
4,12.131099117751106,293,293,293,2023-01-13,48.52439647100442,Friday,293
5,14.515096095668063,294,294,294,2023-01-13,72.57548047834032,Friday,294
4,19.99199372323445,295,295,295,2023-01-13,79.96797489293783,Friday,295
3,6.572120974963582,296,296,296,2023-01-13,19.716362924890745,Friday,296
2,12.478561992585638,297,297,297,2023-01-13,24.957123985171275,Friday,297
3,10.776801798537502,298,298,298,2023-01-13,32.3304053956125,Friday,298
1,17.987302478335327,299,299,299,2023-01-13,17.987302478335327,Friday,299
1,12.13951596517484,300,300,300,2023-01-13,12.13951596517484,Friday,300
4,6.664662868777222,301,301,301,2023-01-13,26.658651475108886,Friday,301
5,14.516362179298754,302,302,302,2023-01-13,72.58181089649378,Friday,302
3,16.561709273958197,303,303,303,2023-01-13,49.68512782187459,Friday,303
5,5.0432187749842186,304,304,304,2023-01-13,25.216093874921093,Friday,304
4,17.884350281309445,305,305,305,2023-01-13,71.53740112523778,Friday,305
1,7.790345000084985,306,306,306,2023-01-13,7.790345000084985,Friday,306
5,13.281040469800669,307,307,307,2023-01-13,66.40520234900335,Friday,307
5,11.236962510311752,308,308,308,2023-01-13,56.18481255155877,Friday,308
1,15.794807249157955,309,309,309,2023-01-13,15.794807249157955,Friday,309
3,10.567424221786126,310,310,310,2023-01-13,31.70227266535838,Friday,310
1,18.046447650225662,311,311,311,2023-01-13,18.046447650225662,Friday,311
5,15.957445414381851,312,312,312,2023-01-13,79.78722707190927,Friday,312
3,14.715697565943822,313,313,313,2023-01-14,44.14709269783147,Saturday,313
3,16.943608933442814,314,314,314,2023-01-14,50.83082680032844,Saturday,314
1,16.310345523925733,315,315,315,2023-01-14,16.310345523925733,Saturday,315
5,5.5390801238233,316,316,316,2023-01-14,27.6954006191165,Saturday,316
4,10.921015307672423,317,317,317,2023-01-14,43.68406123068969,Saturday,317
5,18.962109459747342,318,318,318,2023-01-14,94.81054729873674,Saturday,318
2,6.885864034883394,319,319,319,2023-01-14,13.771728069766787,Saturday,319
4,16.05644825648077,320,320,320,2023-01-14,64.22579302592308,Saturday,320
3,19.618877170029947,321,321,321,2023-01-14,58.85663151008984,Saturday,321
4,5.782979435674575,322,322,322,2023-01-14,23.1319177426983,Saturday,322
3,15.232908209399158,323,323,323,2023-01-14,45.69872462819748,Saturday,323
3,12.022312119515457,324,324,324,2023-01-14,36.06693635854637,Saturday,324
4,13.687628830620833,325,325,325,2023-01-14,54.75051532248333,Saturday,325
3,6.280120047264873,326,326,326,2023-01-14,18.84036014179462,Saturday,326
3,5.6451042780040925,327,327,327,2023-01-14,16.93531283401228,Saturday,327
2,15.002999908263826,328,328,328,2023-01-14,30.00599981652765,Saturday,328
5,17.349641447310766,329,329,329,2023-01-14,86.74820723655384,Saturday,329
5,16.73023002399451,330,330,330,2023-01-14,83.65115011997254,Saturday,330
2,13.15708591799356,331,331,331,2023-01-14,26.31417183598712,Saturday,331
4,6.498002317042673,332,332,332,2023-01-14,25.99200926817069,Saturday,332
1,15.320666657540208,333,333,333,2023-01-14,15.320666657540208,Saturday,333
1,8.628333253312189,334,334,334,2023-01-14,8.628333253312189,Saturday,334
1,18.66603054151076,335,335,335,2023-01-14,18.66603054151076,Saturday,335
2,17.573980393185572,336,336,336,2023-01-14,35.147960786371144,Saturday,336
2,15.640744506310863,337,337,337,2023-01-15,31.281489012621726,Sunday,337
3,19.23268933746696,338,338,338,2023-01-15,57.69806801240088,Sunday,338
1,5.471327322669094,339,339,339,2023-01-15,5.471327322669094,Sunday,339
4,16.043006375911432,340,340,340,2023-01-15,64.17202550364573,Sunday,340
4,9.95364169004608,341,341,341,2023-01-15,39.81456676018432,Sunday,341
1,18.59098828529548,342,342,342,2023-01-15,18.59098828529548,Sunday,342
1,9.000127949929663,343,343,343,2023-01-15,9.000127949929663,Sunday,343
1,15.872847489725256,344,344,344,2023-01-15,15.872847489725256,Sunday,344
2,18.16470529476172,345,345,345,2023-01-15,36.32941058952344,Sunday,345
2,5.624852275740237,346,346,346,2023-01-15,11.249704551480471,Sunday,346
2,10.964713693880542,347,347,347,2023-01-15,21.929427387761084,Sunday,347
5,16.434635480329078,348,348,348,2023-01-15,82.17317740164539,Sunday,348
4,11.823783342613806,349,349,349,2023-01-15,47.295133370455225,Sunday,349
4,9.00878944690393,350,350,350,2023-01-15,36.03515778761572,Sunday,350
3,8.29708023234785,351,351,351,2023-01-15,24.89124069704355,Sunday,351
2,6.972774003745669,352,352,352,2023-01-15,13.945548007491338,Sunday,352
5,17.856943397844233,353,353,353,2023-01-15,89.28471698922117,Sunday,353
5,13.63033104877334,354,354,354,2023-01-15,68.1516552438667,Sunday,354
4,6.14577417487184,355,355,355,2023-01-15,24.58309669948736,Sunday,355
2,10.738704853559533,356,356,356,2023-01-15,21.477409707119065,Sunday,356
3,10.516004762076648,357,357,357,2023-01-15,31.548014286229943,Sunday,357
2,7.726087860641945,358,358,358,2023-01-15,15.45217572128389,Sunday,358
1,11.53261438208286,359,359,359,2023-01-15,11.53261438208286,Sunday,359
2,9.981490480897047,360,360,360,2023-01-15,19.96298096179409,Sunday,360
1,10.127055582382738,361,361,361,2023-01-16,10.127055582382738,Monday,361
1,16.08539836681938,362,362,362,2023-01-16,16.08539836681938,Monday,362
3,8.348950782577944,363,363,363,2023-01-16,25.046852347733832,Monday,363
4,14.62789938283033,364,364,364,2023-01-16,58.51159753132132,Monday,364
2,13.559744358214022,365,365,365,2023-01-16,27.119488716428044,Monday,365
1,13.52138768506801,366,366,366,2023-01-16,13.52138768506801,Monday,366
2,14.94511019212664,367,367,367,2023-01-16,29.89022038425328,Monday,367
4,13.225730542934809,368,368,368,2023-01-16,52.90292217173924,Monday,368
4,18.18882672269577,369,369,369,2023-01-16,72.75530689078307,Monday,369
5,15.133701379253898,370,370,370,2023-01-16,75.66850689626949,Monday,370
4,13.204448770570822,371,371,371,2023-01-16,52.81779508228329,Monday,371
3,17.446446804314675,372,372,372,2023-01-16,52.339340412944026,Monday,372
1,14.092198474002195,373,373,373,2023-01-16,14.092198474002195,Monday,373
5,9.367163716777686,374,374,374,2023-01-16,46.835818583888425,Monday,374
3,8.106423772648569,375,375,375,2023-01-16,24.319271317945702,Monday,375
2,7.284916784940182,376,376,376,2023-01-16,14.569833569880364,Monday,376
1,18.491828188191526,377,377,377,2023-01-16,18.491828188191526,Monday,377
4,15.652031476970988,378,378,378,2023-01-16,62.60812590788395,Monday,378
1,19.06067657246481,379,379,379,2023-01-16,19.06067657246481,Monday,379
2,14.049377085724146,380,380,380,2023-01-16,28.09875417144829,Monday,380
5,12.101013222423688,381,381,381,2023-01-16,60.50506611211844,Monday,381
5,5.89574733456334,382,382,382,2023-01-16,29.47873667281669,Monday,382
5,15.074634223190449,383,383,383,2023-01-16,75.37317111595223,Monday,383
4,13.733131396523468,384,384,384,2023-01-16,54.93252558609387,Monday,384
3,19.85313340381432,385,385,385,2023-01-17,59.55940021144296,Tuesday,385
3,8.587381666733645,386,386,386,2023-01-17,25.76214500020093,Tuesday,386
1,12.961060329302535,387,387,387,2023-01-17,12.961060329302535,Tuesday,387
4,14.76436002677109,388,388,388,2023-01-17,59.05744010708436,Tuesday,388
5,14.668867621135156,389,389,389,2023-01-17,73.34433810567577,Tuesday,389
5,13.419403144226042,390,390,390,2023-01-17,67.0970157211302,Tuesday,390
2,16.653920154908384,391,391,391,2023-01-17,33.30784030981677,Tuesday,391
2,8.074718142902245,392,392,392,2023-01-17,16.14943628580449,Tuesday,392
5,15.88440800411624,393,393,393,2023-01-17,79.42204002058119,Tuesday,393
5,14.296018571496338,394,394,394,2023-01-17,71.4800928574817,Tuesday,394
4,18.4411266769186,395,395,395,2023-01-17,73.7645067076744,Tuesday,395
3,17.707916585503725,396,396,396,2023-01-17,53.12374975651117,Tuesday,396
2,9.7272055869883,397,397,397,2023-01-17,19.4544111739766,Tuesday,397
3,9.143559874627297,398,398,398,2023-01-17,27.43067962388189,Tuesday,398
4,19.72479985778672,399,399,399,2023-01-17,78.89919943114687,Tuesday,399
5,12.908977713728849,400,400,400,2023-01-17,64.54488856864424,Tuesday,400
3,18.596314458716552,401,401,401,2023-01-17,55.78894337614966,Tuesday,401
5,7.458215356707233,402,402,402,2023-01-17,37.29107678353616,Tuesday,402
5,14.642283722002617,403,403,403,2023-01-17,73.21141861001307,Tuesday,403
1,17.147902810408794,404,404,404,2023-01-17,17.147902810408794,Tuesday,404
3,19.210928743796703,405,405,405,2023-01-17,57.632786231390114,Tuesday,405
3,10.060102115255352,406,406,406,2023-01-17,30.180306345766056,Tuesday,406
5,15.874717548860788,407,407,407,2023-01-17,79.37358774430393,Tuesday,407
4,13.082195135594286,408,408,408,2023-01-17,52.328780542377146,Tuesday,408
1,5.909433890997023,409,409,409,2023-01-18,5.909433890997023,Wednesday,409
5,15.349996059634153,410,410,410,2023-01-18,76.74998029817075,Wednesday,410
2,15.351448373567653,411,411,411,2023-01-18,30.702896747135306,Wednesday,411
2,18.95910207269805,412,412,412,2023-01-18,37.91820414539611,Wednesday,412
1,12.459686692534586,413,413,413,2023-01-18,12.459686692534586,Wednesday,413
4,8.453763810657719,414,414,414,2023-01-18,33.81505524263088,Wednesday,414
5,5.668457351730187,415,415,415,2023-01-18,28.34228675865093,Wednesday,415
3,11.234632800288583,416,416,416,2023-01-18,33.703898400865754,Wednesday,416
1,9.528750501162529,417,417,417,2023-01-18,9.528750501162529,Wednesday,417
4,16.416324590358133,418,418,418,2023-01-18,65.66529836143253,Wednesday,418
3,10.314016472615698,419,419,419,2023-01-18,30.94204941784709,Wednesday,419
2,19.23606794472266,420,420,420,2023-01-18,38.47213588944532,Wednesday,420
2,19.434653044816763,421,421,421,2023-01-18,38.869306089633525,Wednesday,421
3,14.31362885326562,422,422,422,2023-01-18,42.94088655979687,Wednesday,422
1,18.929904305223243,423,423,423,2023-01-18,18.929904305223243,Wednesday,423
2,16.412815167717433,424,424,424,2023-01-18,32.825630335434866,Wednesday,424
5,13.202894614626892,425,425,425,2023-01-18,66.01447307313447,Wednesday,425
3,7.704619031341672,426,426,426,2023-01-18,23.11385709402501,Wednesday,426
3,11.8789691527076,427,427,427,2023-01-18,35.636907458122806,Wednesday,427
2,13.413116950439264,428,428,428,2023-01-18,26.826233900878528,Wednesday,428
1,17.959423711025153,429,429,429,2023-01-18,17.959423711025153,Wednesday,429
5,12.220000648034972,430,430,430,2023-01-18,61.10000324017486,Wednesday,430
1,18.46512009016935,431,431,431,2023-01-18,18.46512009016935,Wednesday,431
4,15.115234685352034,432,432,432,2023-01-18,60.460938741408135,Wednesday,432
4,7.05498594580507,433,433,433,2023-01-19,28.21994378322028,Thursday,433
2,19.9247205398764,434,434,434,2023-01-19,39.84944107975279,Thursday,434
2,12.908489911308688,435,435,435,2023-01-19,25.816979822617377,Thursday,435
2,10.877874446136182,436,436,436,2023-01-19,21.755748892272365,Thursday,436
4,14.886706467042895,437,437,437,2023-01-19,59.54682586817159,Thursday,437
1,6.633399709715587,438,438,438,2023-01-19,6.633399709715587,Thursday,438
1,14.548079701300315,439,439,439,2023-01-19,14.548079701300315,Thursday,439
2,12.473540007489095,440,440,440,2023-01-19,24.94708001497819,Thursday,440
5,11.100111049978748,441,441,441,2023-01-19,55.500555249893736,Thursday,441
1,19.295300317683488,442,442,442,2023-01-19,19.295300317683488,Thursday,442
4,12.838095750980798,443,443,443,2023-01-19,51.3523830039232,Thursday,443
3,8.286762192049077,444,444,444,2023-01-19,24.86028657614723,Thursday,444
3,11.88445219065948,445,445,445,2023-01-19,35.65335657197844,Thursday,445
3,18.790811068590088,446,446,446,2023-01-19,56.37243320577026,Thursday,446
5,7.64143206995892,447,447,447,2023-01-19,38.207160349794606,Thursday,447
2,8.209355580323553,448,448,448,2023-01-19,16.418711160647106,Thursday,448
4,5.1954435163562565,449,449,449,2023-01-19,20.781774065425022,Thursday,449
5,5.212850740936508,450,450,450,2023-01-19,26.064253704682542,Thursday,450
4,17.440874404377688,451,451,451,2023-01-19,69.76349761751075,Thursday,451
4,15.981839102644336,452,452,452,2023-01-19,63.92735641057735,Thursday,452
2,10.325615846779376,453,453,453,2023-01-19,20.65123169355875,Thursday,453
3,15.47466735841359,454,454,454,2023-01-19,46.42400207524077,Thursday,454
2,10.928088894649552,455,455,455,2023-01-19,21.856177789299107,Thursday,455
5,19.29345193996741,456,456,456,2023-01-19,96.46725969983706,Thursday,456
5,19.505790221390523,457,457,457,2023-01-20,97.52895110695262,Friday,457
5,10.891906637140153,458,458,458,2023-01-20,54.45953318570076,Friday,458
2,17.81332859511302,459,459,459,2023-01-20,35.62665719022604,Friday,459
4,16.596335625461993,460,460,460,2023-01-20,66.38534250184797,Friday,460
4,9.64999905757684,461,461,461,2023-01-20,38.59999623030736,Friday,461
1,8.48059743351659,462,462,462,2023-01-20,8.48059743351659,Friday,462
5,11.873519755892508,463,463,463,2023-01-20,59.36759877946254,Friday,463
4,16.720232609216094,464,464,464,2023-01-20,66.88093043686438,Friday,464
1,19.40251677093118,465,465,465,2023-01-20,19.40251677093118,Friday,465
4,16.45368603299859,466,466,466,2023-01-20,65.81474413199436,Friday,466
5,17.82810477527555,467,467,467,2023-01-20,89.14052387637774,Friday,467
3,14.045964592557748,468,468,468,2023-01-20,42.13789377767324,Friday,468
5,17.53111746263189,469,469,469,2023-01-20,87.65558731315946,Friday,469
2,16.766312870051266,470,470,470,2023-01-20,33.53262574010253,Friday,470
4,10.654783128894202,471,471,471,2023-01-20,42.61913251557681,Friday,471
4,13.279854531810816,472,472,472,2023-01-20,53.119418127243264,Friday,472
2,17.071296829845423,473,473,473,2023-01-20,34.142593659690846,Friday,473
2,5.690851012849346,474,474,474,2023-01-20,11.381702025698692,Friday,474
3,17.121189235337447,475,475,475,2023-01-20,51.36356770601234,Friday,475
4,7.668321860735352,476,476,476,2023-01-20,30.673287442941408,Friday,476
4,12.720254256821583,477,477,477,2023-01-20,50.88101702728633,Friday,477
3,17.124131593339065,478,478,478,2023-01-20,51.3723947800172,Friday,478
1,8.807316172350422,479,479,479,2023-01-20,8.807316172350422,Friday,479
3,8.687111589592295,480,480,480,2023-01-20,26.061334768776884,Friday,480
5,11.04146597693378,481,481,481,2023-01-21,55.207329884668894,Saturday,481
4,18.41964196366452,482,482,482,2023-01-21,73.67856785465807,Saturday,482
2,5.006641721558118,483,483,483,2023-01-21,10.013283443116237,Saturday,483
5,18.520746449629023,484,484,484,2023-01-21,92.60373224814512,Saturday,484
4,7.307105369624116,485,485,485,2023-01-21,29.228421478496465,Saturday,485
3,19.85129564101223,486,486,486,2023-01-21,59.553886923036686,Saturday,486
5,19.322704895577026,487,487,487,2023-01-21,96.61352447788512,Saturday,487
4,12.420127843869247,488,488,488,2023-01-21,49.680511375477,Saturday,488
1,12.69080371718942,489,489,489,2023-01-21,12.69080371718942,Saturday,489
1,12.223240104137815,490,490,490,2023-01-21,12.223240104137815,Saturday,490
2,14.53165468489284,491,491,491,2023-01-21,29.06330936978568,Saturday,491
4,6.360825533523966,492,492,492,2023-01-21,25.443302134095862,Saturday,492
1,5.489269225123498,493,493,493,2023-01-21,5.489269225123498,Saturday,493
3,5.865543926238483,494,494,494,2023-01-21,17.596631778715448,Saturday,494
4,11.665480238622717,495,495,495,2023-01-21,46.66192095449087,Saturday,495
3,9.13321908829225,496,496,496,2023-01-21,27.39965726487675,Saturday,496
3,14.330593435564907,497,497,497,2023-01-21,42.99178030669472,Saturday,497
1,19.886634340621683,498,498,498,2023-01-21,19.886634340621683,Saturday,498
4,10.794847596146989,499,499,499,2023-01-21,43.179390384587954,Saturday,499
5,13.6076188115677,500,500,500,2023-01-21,68.0380940578385,Saturday,500
1,11.234058438610033,501,501,501,2023-01-21,11.234058438610033,Saturday,501
1,17.709075015827892,502,502,502,2023-01-21,17.709075015827892,Saturday,502
4,18.53354605193357,503,503,503,2023-01-21,74.13418420773428,Saturday,503
4,18.160334183078906,504,504,504,2023-01-21,72.64133673231561,Saturday,504
3,19.61558358018886,505,505,505,2023-01-22,58.84675074056658,Sunday,505
4,5.41278777710623,506,506,506,2023-01-22,21.65115110842492,Sunday,506
3,17.597242432182966,507,507,507,2023-01-22,52.7917272965489,Sunday,507
1,16.276582595586397,508,508,508,2023-01-22,16.276582595586397,Sunday,508
2,8.430416141005471,509,509,509,2023-01-22,16.860832282010943,Sunday,509
5,19.344801400812912,510,510,510,2023-01-22,96.72400700406456,Sunday,510
1,7.2226689234491825,511,511,511,2023-01-22,7.2226689234491825,Sunday,511
4,15.193248907008623,512,512,512,2023-01-22,60.7729956280345,Sunday,512
5,8.373353252238687,513,513,513,2023-01-22,41.86676626119343,Sunday,513
2,11.47070973161112,514,514,514,2023-01-22,22.94141946322224,Sunday,514
2,15.787398454168532,515,515,515,2023-01-22,31.574796908337067,Sunday,515
3,13.4498696304957,516,516,516,2023-01-22,40.3496088914871,Sunday,516
5,11.412527469921676,517,517,517,2023-01-22,57.06263734960838,Sunday,517
3,9.895076463979809,518,518,518,2023-01-22,29.685229391939423,Sunday,518
1,17.594894835631855,519,519,519,2023-01-22,17.594894835631855,Sunday,519
5,7.157215254722206,520,520,520,2023-01-22,35.78607627361103,Sunday,520
1,11.451543147947,521,521,521,2023-01-22,11.451543147947,Sunday,521
3,18.55636357662713,522,522,522,2023-01-22,55.66909072988141,Sunday,522
5,17.687743256899516,523,523,523,2023-01-22,88.43871628449759,Sunday,523
3,11.0141264370957,524,524,524,2023-01-22,33.04237931128711,Sunday,524
5,16.446625454019625,525,525,525,2023-01-22,82.23312727009812,Sunday,525
3,17.34741246063289,526,526,526,2023-01-22,52.042237381898666,Sunday,526
2,18.333311360054445,527,527,527,2023-01-22,36.66662272010889,Sunday,527
3,13.16758653573842,528,528,528,2023-01-22,39.50275960721525,Sunday,528
2,8.066913290820677,529,529,529,2023-01-23,16.133826581641355,Monday,529
3,8.829636147558976,530,530,530,2023-01-23,26.488908442676927,Monday,530
5,9.435420110624063,531,531,531,2023-01-23,47.17710055312032,Monday,531
5,13.907037212144232,532,532,532,2023-01-23,69.53518606072116,Monday,532
5,5.492144361929126,533,533,533,2023-01-23,27.46072180964564,Monday,533
4,14.540637031699523,534,534,534,2023-01-23,58.1625481267981,Monday,534
1,10.46531357642348,535,535,535,2023-01-23,10.46531357642348,Monday,535
5,9.428627037344633,536,536,536,2023-01-23,47.14313518672317,Monday,536
2,18.192448560921896,537,537,537,2023-01-23,36.38489712184379,Monday,537
5,11.900035933711983,538,538,538,2023-01-23,59.50017966855992,Monday,538
4,6.425795682990392,539,539,539,2023-01-23,25.70318273196157,Monday,539
2,17.401201520393705,540,540,540,2023-01-23,34.80240304078741,Monday,540
4,5.714618861547599,541,541,541,2023-01-23,22.8584754461904,Monday,541
2,15.90123836252295,542,542,542,2023-01-23,31.8024767250459,Monday,542
3,16.608593326559976,543,543,543,2023-01-23,49.82577997967993,Monday,543
1,10.289039088932872,544,544,544,2023-01-23,10.289039088932872,Monday,544
1,17.3718178441668,545,545,545,2023-01-23,17.3718178441668,Monday,545
4,12.7348910878468,546,546,546,2023-01-23,50.939564351387205,Monday,546
1,11.949404799091951,547,547,547,2023-01-23,11.949404799091951,Monday,547
4,5.6810492220303885,548,548,548,2023-01-23,22.72419688812156,Monday,548
4,9.350437904733589,549,549,549,2023-01-23,37.40175161893436,Monday,549
4,18.965149563279496,550,550,550,2023-01-23,75.86059825311798,Monday,550
1,10.8773594492525,551,551,551,2023-01-23,10.8773594492525,Monday,551
4,13.200507808351524,552,552,552,2023-01-23,52.8020312334061,Monday,552
1,12.980325184763776,553,553,553,2023-01-24,12.980325184763776,Tuesday,553
4,13.8564663473404,554,554,554,2023-01-24,55.4258653893616,Tuesday,554
5,5.919964334649239,555,555,555,2023-01-24,29.5998216732462,Tuesday,555
4,10.432643821980925,556,556,556,2023-01-24,41.7305752879237,Tuesday,556
2,15.846924108238312,557,557,557,2023-01-24,31.693848216476624,Tuesday,557
4,8.008403766094744,558,558,558,2023-01-24,32.03361506437898,Tuesday,558
3,8.053675663195406,559,559,559,2023-01-24,24.16102698958622,Tuesday,559
4,5.151359100335371,560,560,560,2023-01-24,20.605436401341485,Tuesday,560
2,11.562228899123143,561,561,561,2023-01-24,23.12445779824629,Tuesday,561
2,18.24101571010133,562,562,562,2023-01-24,36.48203142020266,Tuesday,562
1,5.778514153809635,563,563,563,2023-01-24,5.778514153809635,Tuesday,563
5,7.866780642440039,564,564,564,2023-01-24,39.3339032122002,Tuesday,564
4,9.651268075141326,565,565,565,2023-01-24,38.6050723005653,Tuesday,565
1,15.975871048463194,566,566,566,2023-01-24,15.975871048463194,Tuesday,566
5,14.609533892038796,567,567,567,2023-01-24,73.04766946019399,Tuesday,567
4,11.239158568727824,568,568,568,2023-01-24,44.9566342749113,Tuesday,568
3,16.386034088875636,569,569,569,2023-01-24,49.15810226662691,Tuesday,569
4,14.14446517485353,570,570,570,2023-01-24,56.57786069941412,Tuesday,570
2,18.440611994858287,571,571,571,2023-01-24,36.881223989716574,Tuesday,571
2,17.270401237080396,572,572,572,2023-01-24,34.54080247416079,Tuesday,572
3,8.792204091338007,573,573,573,2023-01-24,26.376612274014025,Tuesday,573
1,9.071578664513003,574,574,574,2023-01-24,9.071578664513003,Tuesday,574
5,6.880347136885785,575,575,575,2023-01-24,34.40173568442893,Tuesday,575
4,10.054470885761848,576,576,576,2023-01-24,40.21788354304739,Tuesday,576
2,19.993158780786416,577,577,577,2023-01-25,39.98631756157283,Wednesday,577
1,11.086267529225914,578,578,578,2023-01-25,11.086267529225914,Wednesday,578
3,8.307326520336595,579,579,579,2023-01-25,24.921979561009785,Wednesday,579
2,16.437243267133297,580,580,580,2023-01-25,32.874486534266595,Wednesday,580
3,13.13706505193984,581,581,581,2023-01-25,39.41119515581952,Wednesday,581
4,7.244021742904287,582,582,582,2023-01-25,28.97608697161715,Wednesday,582
5,10.710345217412986,583,583,583,2023-01-25,53.55172608706493,Wednesday,583
2,11.21704573309015,584,584,584,2023-01-25,22.4340914661803,Wednesday,584
2,16.30744550853828,585,585,585,2023-01-25,32.61489101707656,Wednesday,585
4,5.310070533378567,586,586,586,2023-01-25,21.240282133514267,Wednesday,586
1,9.035294701974657,587,587,587,2023-01-25,9.035294701974657,Wednesday,587
5,12.763944519732831,588,588,588,2023-01-25,63.81972259866416,Wednesday,588
2,9.03270113679265,589,589,589,2023-01-25,18.0654022735853,Wednesday,589
5,14.426510711284983,590,590,590,2023-01-25,72.13255355642491,Wednesday,590
2,12.228012189119248,591,591,591,2023-01-25,24.456024378238496,Wednesday,591
5,10.42565382289371,592,592,592,2023-01-25,52.128269114468544,Wednesday,592
3,19.238129403057684,593,593,593,2023-01-25,57.71438820917305,Wednesday,593
2,14.482392487796862,594,594,594,2023-01-25,28.964784975593723,Wednesday,594
5,6.949120584019118,595,595,595,2023-01-25,34.74560292009559,Wednesday,595
1,13.401375461650932,596,596,596,2023-01-25,13.401375461650932,Wednesday,596
3,16.710977798013516,597,597,597,2023-01-25,50.13293339404055,Wednesday,597
3,15.62734546239196,598,598,598,2023-01-25,46.88203638717588,Wednesday,598
1,7.58133843942889,599,599,599,2023-01-25,7.58133843942889,Wednesday,599
5,19.58629998560155,600,600,600,2023-01-25,97.93149992800775,Wednesday,600
4,11.73220468619909,601,601,601,2023-01-26,46.92881874479636,Thursday,601
1,7.385375056103919,602,602,602,2023-01-26,7.385375056103919,Thursday,602
5,7.702936311922219,603,603,603,2023-01-26,38.51468155961109,Thursday,603
1,6.473524882836207,604,604,604,2023-01-26,6.473524882836207,Thursday,604
1,17.052771626524013,605,605,605,2023-01-26,17.052771626524013,Thursday,605
2,6.8304574148277295,606,606,606,2023-01-26,13.66091482965546,Thursday,606
5,6.876878857126204,607,607,607,2023-01-26,34.38439428563102,Thursday,607
4,17.757074221412566,608,608,608,2023-01-26,71.02829688565026,Thursday,608
2,10.169061266713395,609,609,609,2023-01-26,20.33812253342679,Thursday,609
1,5.462868564621087,610,610,610,2023-01-26,5.462868564621087,Thursday,610
1,5.778429492776163,611,611,611,2023-01-26,5.778429492776163,Thursday,611
1,7.132556700558434,612,612,612,2023-01-26,7.132556700558434,Thursday,612
5,8.200900219635344,613,613,613,2023-01-26,41.00450109817672,Thursday,613
5,14.97719291357608,614,614,614,2023-01-26,74.88596456788041,Thursday,614
2,7.359894200027424,615,615,615,2023-01-26,14.719788400054847,Thursday,615
4,6.78311586765608,616,616,616,2023-01-26,27.13246347062432,Thursday,616
2,16.470787122144188,617,617,617,2023-01-26,32.941574244288375,Thursday,617
3,15.065829257898717,618,618,618,2023-01-26,45.19748777369615,Thursday,618
1,11.529863321828543,619,619,619,2023-01-26,11.529863321828543,Thursday,619
1,13.23964657220156,620,620,620,2023-01-26,13.23964657220156,Thursday,620
1,9.679760304896275,621,621,621,2023-01-26,9.679760304896275,Thursday,621
2,12.23750630353041,622,622,622,2023-01-26,24.47501260706082,Thursday,622
2,12.600089734741186,623,623,623,2023-01-26,25.20017946948237,Thursday,623
1,10.80855906767144,624,624,624,2023-01-26,10.80855906767144,Thursday,624
2,18.59858316008244,625,625,625,2023-01-27,37.19716632016488,Friday,625
5,5.240927974715092,626,626,626,2023-01-27,26.20463987357546,Friday,626
5,16.732568946368694,627,627,627,2023-01-27,83.66284473184348,Friday,627
2,6.865742468619865,628,628,628,2023-01-27,13.73148493723973,Friday,628
1,16.96321040805799,629,629,629,2023-01-27,16.96321040805799,Friday,629
2,14.23867873515082,630,630,630,2023-01-27,28.47735747030164,Friday,630
2,17.649171364046033,631,631,631,2023-01-27,35.29834272809207,Friday,631
2,6.462714884613462,632,632,632,2023-01-27,12.925429769226923,Friday,632
3,13.384709511496611,633,633,633,2023-01-27,40.15412853448984,Friday,633
5,12.516318203932956,634,634,634,2023-01-27,62.58159101966478,Friday,634
4,15.59289774445038,635,635,635,2023-01-27,62.37159097780152,Friday,635
4,13.014358278405137,636,636,636,2023-01-27,52.05743311362055,Friday,636
3,13.111018506996563,637,637,637,2023-01-27,39.33305552098969,Friday,637
2,11.44393915364097,638,638,638,2023-01-27,22.88787830728194,Friday,638
3,9.632516360110111,639,639,639,2023-01-27,28.89754908033034,Friday,639
3,12.233965418782883,640,640,640,2023-01-27,36.70189625634865,Friday,640
1,6.777385381526009,641,641,641,2023-01-27,6.777385381526009,Friday,641
5,19.42270008474627,642,642,642,2023-01-27,97.11350042373137,Friday,642
4,15.716161454398977,643,643,643,2023-01-27,62.8646458175959,Friday,643
2,19.2870067503177,644,644,644,2023-01-27,38.5740135006354,Friday,644
4,8.400910734949449,645,645,645,2023-01-27,33.603642939797794,Friday,645
4,18.19011530264792,646,646,646,2023-01-27,72.76046121059169,Friday,646
5,17.131849768453076,647,647,647,2023-01-27,85.65924884226538,Friday,647
4,15.157286186865106,648,648,648,2023-01-27,60.62914474746042,Friday,648
4,14.375437791278086,649,649,649,2023-01-28,57.501751165112346,Saturday,649
3,9.74824497901805,650,650,650,2023-01-28,29.24473493705415,Saturday,650
5,17.24616177447546,651,651,651,2023-01-28,86.23080887237731,Saturday,651
1,12.522731922196009,652,652,652,2023-01-28,12.522731922196009,Saturday,652
2,6.06337363836928,653,653,653,2023-01-28,12.12674727673856,Saturday,653
4,9.69294741282695,654,654,654,2023-01-28,38.7717896513078,Saturday,654
2,19.02945647817992,655,655,655,2023-01-28,38.05891295635983,Saturday,655
1,17.760203909072693,656,656,656,2023-01-28,17.760203909072693,Saturday,656
2,19.728585471148087,657,657,657,2023-01-28,39.45717094229617,Saturday,657
1,14.419900739061472,658,658,658,2023-01-28,14.419900739061472,Saturday,658
3,8.712651097106178,659,659,659,2023-01-28,26.13795329131853,Saturday,659
4,7.442225745152957,660,660,660,2023-01-28,29.768902980611827,Saturday,660
1,7.8037166091269246,661,661,661,2023-01-28,7.8037166091269246,Saturday,661
2,5.296934875208816,662,662,662,2023-01-28,10.593869750417632,Saturday,662
4,10.860231664789088,663,663,663,2023-01-28,43.44092665915635,Saturday,663
3,7.871415207493138,664,664,664,2023-01-28,23.614245622479416,Saturday,664
4,11.174831906850535,665,665,665,2023-01-28,44.69932762740214,Saturday,665
1,19.02491647758148,666,666,666,2023-01-28,19.02491647758148,Saturday,666
3,11.45810314260785,667,667,667,2023-01-28,34.37430942782355,Saturday,667
2,18.16976745477252,668,668,668,2023-01-28,36.33953490954504,Saturday,668
3,14.082571499238147,669,669,669,2023-01-28,42.24771449771444,Saturday,669
3,8.706973319920879,670,670,670,2023-01-28,26.12091995976264,Saturday,670
5,10.337821388888171,671,671,671,2023-01-28,51.68910694444086,Saturday,671
3,6.258793037321441,672,672,672,2023-01-28,18.776379111964324,Saturday,672
3,10.001938903940156,673,673,673,2023-01-29,30.005816711820472,Sunday,673
4,15.163114182553011,674,674,674,2023-01-29,60.652456730212045,Sunday,674
2,6.081666393941528,675,675,675,2023-01-29,12.163332787883055,Sunday,675
4,8.081021127170441,676,676,676,2023-01-29,32.324084508681764,Sunday,676
4,10.721615621199671,677,677,677,2023-01-29,42.886462484798685,Sunday,677
1,19.73074305523944,678,678,678,2023-01-29,19.73074305523944,Sunday,678
4,16.772927344383202,679,679,679,2023-01-29,67.09170937753281,Sunday,679
5,16.002301197381556,680,680,680,2023-01-29,80.01150598690778,Sunday,680
5,6.74286434788169,681,681,681,2023-01-29,33.71432173940845,Sunday,681
1,16.714938404224874,682,682,682,2023-01-29,16.714938404224874,Sunday,682
2,16.779032172740227,683,683,683,2023-01-29,33.55806434548045,Sunday,683
2,14.016540434364924,684,684,684,2023-01-29,28.033080868729847,Sunday,684
4,19.855426729975576,685,685,685,2023-01-29,79.4217069199023,Sunday,685
4,9.878808588868278,686,686,686,2023-01-29,39.51523435547311,Sunday,686
4,19.11908672362777,687,687,687,2023-01-29,76.4763468945111,Sunday,687
2,18.720966724347555,688,688,688,2023-01-29,37.44193344869511,Sunday,688
3,5.172209896240668,689,689,689,2023-01-29,15.516629688722004,Sunday,689
5,11.751747897122163,690,690,690,2023-01-29,58.758739485610825,Sunday,690
3,19.6565634957736,691,691,691,2023-01-29,58.9696904873208,Sunday,691
3,6.546820436121137,692,692,692,2023-01-29,19.64046130836341,Sunday,692
2,13.216770415749792,693,693,693,2023-01-29,26.433540831499585,Sunday,693
3,19.684362605616563,694,694,694,2023-01-29,59.05308781684969,Sunday,694
1,13.332431361587902,695,695,695,2023-01-29,13.332431361587902,Sunday,695
4,7.84722954458234,696,696,696,2023-01-29,31.38891817832936,Sunday,696
1,13.732748451388847,697,697,697,2023-01-30,13.732748451388847,Monday,697
5,8.066608609243202,698,698,698,2023-01-30,40.33304304621601,Monday,698
4,12.795563943417264,699,699,699,2023-01-30,51.182255773669056,Monday,699
3,6.11063326868522,700,700,700,2023-01-30,18.33189980605566,Monday,700
5,14.082240038216067,701,701,701,2023-01-30,70.41120019108034,Monday,701
4,12.751849086922372,702,702,702,2023-01-30,51.00739634768949,Monday,702
3,16.10242053142195,703,703,703,2023-01-30,48.307261594265846,Monday,703
1,14.460507067381776,704,704,704,2023-01-30,14.460507067381776,Monday,704
4,13.24409402796135,705,705,705,2023-01-30,52.9763761118454,Monday,705
3,15.346682738721816,706,706,706,2023-01-30,46.04004821616545,Monday,706
1,7.159128703583463,707,707,707,2023-01-30,7.159128703583463,Monday,707
5,13.93039491887906,708,708,708,2023-01-30,69.65197459439531,Monday,708
5,7.581659042341665,709,709,709,2023-01-30,37.90829521170833,Monday,709
5,18.88283311777821,710,710,710,2023-01-30,94.41416558889104,Monday,710
5,6.025011572684063,711,711,711,2023-01-30,30.12505786342032,Monday,711
2,11.4556212453619,712,712,712,2023-01-30,22.9112424907238,Monday,712
4,15.436962164831671,713,713,713,2023-01-30,61.74784865932669,Monday,713
4,11.87033317502388,714,714,714,2023-01-30,47.48133270009552,Monday,714
2,6.381428798493536,715,715,715,2023-01-30,12.762857596987072,Monday,715
3,13.300685241900611,716,716,716,2023-01-30,39.90205572570184,Monday,716
3,14.624478632410318,717,717,717,2023-01-30,43.87343589723096,Monday,717
5,15.556884664857614,718,718,718,2023-01-30,77.78442332428807,Monday,718
1,10.598897216941385,719,719,719,2023-01-30,10.598897216941385,Monday,719
3,13.454899565431433,720,720,720,2023-01-30,40.3646986962943,Monday,720
1,11.760297124083696,721,721,721,2023-01-31,11.760297124083696,Tuesday,721
4,15.080840581283802,722,722,722,2023-01-31,60.32336232513521,Tuesday,722
1,13.753354509872278,723,723,723,2023-01-31,13.753354509872278,Tuesday,723
4,12.886343293387023,724,724,724,2023-01-31,51.54537317354809,Tuesday,724
2,8.742865502573729,725,725,725,2023-01-31,17.485731005147457,Tuesday,725
2,5.0302777662235085,726,726,726,2023-01-31,10.060555532447015,Tuesday,726
5,7.611225129671439,727,727,727,2023-01-31,38.0561256483572,Tuesday,727
3,6.75599062136253,728,728,728,2023-01-31,20.267971864087592,Tuesday,728
5,11.736271175164202,729,729,729,2023-01-31,58.68135587582101,Tuesday,729
4,14.18387226142767,730,730,730,2023-01-31,56.73548904571068,Tuesday,730
5,8.196275130272124,731,731,731,2023-01-31,40.98137565136062,Tuesday,731
1,19.085856439507808,732,732,732,2023-01-31,19.085856439507808,Tuesday,732
4,5.100231938358316,733,733,733,2023-01-31,20.400927753433265,Tuesday,733
2,16.584515227480143,734,734,734,2023-01-31,33.169030454960286,Tuesday,734
3,14.378071542956633,735,735,735,2023-01-31,43.1342146288699,Tuesday,735
4,10.603322015715229,736,736,736,2023-01-31,42.413288062860914,Tuesday,736
4,5.757334166186119,737,737,737,2023-01-31,23.02933666474448,Tuesday,737
1,14.41229857676419,738,738,738,2023-01-31,14.41229857676419,Tuesday,738
3,10.78420269298472,739,739,739,2023-01-31,32.35260807895416,Tuesday,739
2,19.04400709119829,740,740,740,2023-01-31,38.08801418239658,Tuesday,740
4,13.129851123346487,741,741,741,2023-01-31,52.51940449338596,Tuesday,741
4,19.094772669402623,742,742,742,2023-01-31,76.37909067761049,Tuesday,742
1,8.30725540209956,743,743,743,2023-01-31,8.30725540209956,Tuesday,743
5,15.88588865546155,744,744,744,2023-01-31,79.42944327730774,Tuesday,744
2,14.258735312730884,745,745,745,2023-02-01,28.51747062546177,Wednesday,745
3,16.091123447469677,746,746,746,2023-02-01,48.27337034240903,Wednesday,746
4,8.220017959588052,747,747,747,2023-02-01,32.88007183835221,Wednesday,747
4,14.974917743566603,748,748,748,2023-02-01,59.89967097426642,Wednesday,748
2,12.470605895853032,749,749,749,2023-02-01,24.941211791706067,Wednesday,749
5,16.142374623594744,750,750,750,2023-02-01,80.71187311797372,Wednesday,750
4,9.905669662277266,751,751,751,2023-02-01,39.62267864910906,Wednesday,751
2,18.35085538197879,752,752,752,2023-02-01,36.70171076395758,Wednesday,752
1,6.264519719170256,753,753,753,2023-02-01,6.264519719170256,Wednesday,753
5,17.10783978186782,754,754,754,2023-02-01,85.5391989093391,Wednesday,754
3,17.91979438722636,755,755,755,2023-02-01,53.75938316167908,Wednesday,755
4,17.258784670502315,756,756,756,2023-02-01,69.03513868200926,Wednesday,756
2,12.69089591392664,757,757,757,2023-02-01,25.38179182785328,Wednesday,757
1,11.57577470046142,758,758,758,2023-02-01,11.57577470046142,Wednesday,758
3,19.943934297873152,759,759,759,2023-02-01,59.831802893619454,Wednesday,759
2,8.437579268212431,760,760,760,2023-02-01,16.875158536424863,Wednesday,760
2,13.20313948814067,761,761,761,2023-02-01,26.40627897628134,Wednesday,761
3,15.060132880734884,762,762,762,2023-02-01,45.18039864220465,Wednesday,762
1,15.51301453792148,763,763,763,2023-02-01,15.51301453792148,Wednesday,763
1,8.06036998607868,764,764,764,2023-02-01,8.06036998607868,Wednesday,764
5,14.80991138509702,765,765,765,2023-02-01,74.04955692548509,Wednesday,765
4,17.27554349722006,766,766,766,2023-02-01,69.10217398888024,Wednesday,766
3,5.750278652316683,767,767,767,2023-02-01,17.25083595695005,Wednesday,767
3,18.67281939987975,768,768,768,2023-02-01,56.01845819963925,Wednesday,768
3,5.442560827178089,769,769,769,2023-02-02,16.327682481534268,Thursday,769
1,10.339565487325917,770,770,770,2023-02-02,10.339565487325917,Thursday,770
4,5.237197943494431,771,771,771,2023-02-02,20.948791773977725,Thursday,771
5,6.157177528093728,772,772,772,2023-02-02,30.78588764046864,Thursday,772
2,18.667524277701187,773,773,773,2023-02-02,37.33504855540237,Thursday,773
2,10.322912461192216,774,774,774,2023-02-02,20.645824922384435,Thursday,774
3,11.371572956375791,775,775,775,2023-02-02,34.11471886912738,Thursday,775
4,8.23016572073829,776,776,776,2023-02-02,32.92066288295316,Thursday,776
1,13.956436552800795,777,777,777,2023-02-02,13.956436552800795,Thursday,777
4,13.922048220166843,778,778,778,2023-02-02,55.68819288066738,Thursday,778
4,10.58300587737829,779,779,779,2023-02-02,42.33202350951316,Thursday,779
1,9.995523077080977,780,780,780,2023-02-02,9.995523077080977,Thursday,780
3,18.274464622708816,781,781,781,2023-02-02,54.823393868126445,Thursday,781
4,10.74926359463302,782,782,782,2023-02-02,42.99705437853208,Thursday,782
2,12.402514882316122,783,783,783,2023-02-02,24.805029764632245,Thursday,783
1,9.24957143637396,784,784,784,2023-02-02,9.24957143637396,Thursday,784
5,16.80154255035691,785,785,785,2023-02-02,84.00771275178455,Thursday,785
3,10.961722353486374,786,786,786,2023-02-02,32.885167060459125,Thursday,786
1,12.704165698164868,787,787,787,2023-02-02,12.704165698164868,Thursday,787
5,8.80035755089492,788,788,788,2023-02-02,44.001787754474606,Thursday,788
5,19.81489388511877,789,789,789,2023-02-02,99.07446942559388,Thursday,789
4,9.372436113855844,790,790,790,2023-02-02,37.48974445542338,Thursday,790
4,16.561137963583278,791,791,791,2023-02-02,66.24455185433311,Thursday,791
4,11.412434755351388,792,792,792,2023-02-02,45.64973902140555,Thursday,792
1,8.093261076262099,793,793,793,2023-02-03,8.093261076262099,Friday,793
1,16.995781459472916,794,794,794,2023-02-03,16.995781459472916,Friday,794
3,10.004101835435648,795,795,795,2023-02-03,30.012305506306944,Friday,795
4,17.977900210967164,796,796,796,2023-02-03,71.91160084386865,Friday,796
5,18.728857773767345,797,797,797,2023-02-03,93.64428886883672,Friday,797
2,17.897357530869137,798,798,798,2023-02-03,35.79471506173827,Friday,798
3,5.525118722102085,799,799,799,2023-02-03,16.575356166306253,Friday,799
1,16.810600175076583,800,800,800,2023-02-03,16.810600175076583,Friday,800
3,11.17009199748716,801,801,801,2023-02-03,33.51027599246147,Friday,801
3,18.10584380273337,802,802,802,2023-02-03,54.317531408200125,Friday,802
3,14.569313940271082,803,803,803,2023-02-03,43.70794182081325,Friday,803
3,17.504647012159374,804,804,804,2023-02-03,52.51394103647812,Friday,804
2,12.491476548002533,805,805,805,2023-02-03,24.982953096005065,Friday,805
4,13.025382568983993,806,806,806,2023-02-03,52.10153027593597,Friday,806
5,7.1658144820050085,807,807,807,2023-02-03,35.82907241002504,Friday,807
3,16.759810380340333,808,808,808,2023-02-03,50.279431141021,Friday,808
3,11.290844175004574,809,809,809,2023-02-03,33.872532525013725,Friday,809
3,12.501201774073738,810,810,810,2023-02-03,37.50360532222122,Friday,810
4,16.776465711435613,811,811,811,2023-02-03,67.10586284574245,Friday,811
1,13.982681001191583,812,812,812,2023-02-03,13.982681001191583,Friday,812
1,8.016480911640011,813,813,813,2023-02-03,8.016480911640011,Friday,813
2,13.853489887263391,814,814,814,2023-02-03,27.706979774526783,Friday,814
1,11.114492869694836,815,815,815,2023-02-03,11.114492869694836,Friday,815
3,12.04288313065794,816,816,816,2023-02-03,36.128649391973816,Friday,816
3,5.424669116040016,817,817,817,2023-02-04,16.27400734812005,Saturday,817
3,8.150440242744224,818,818,818,2023-02-04,24.45132072823268,Saturday,818
2,9.215571220715423,819,819,819,2023-02-04,18.431142441430847,Saturday,819
3,15.694400117882086,820,820,820,2023-02-04,47.08320035364626,Saturday,820
1,5.17238709947173,821,821,821,2023-02-04,5.17238709947173,Saturday,821
4,11.13165891843698,822,822,822,2023-02-04,44.52663567374792,Saturday,822
4,18.86040305638599,823,823,823,2023-02-04,75.44161222554396,Saturday,823
5,6.678209248236858,824,824,824,2023-02-04,33.391046241184284,Saturday,824
1,12.746365823279168,825,825,825,2023-02-04,12.746365823279168,Saturday,825
3,16.797835735862705,826,826,826,2023-02-04,50.39350720758812,Saturday,826
4,19.13796961280175,827,827,827,2023-02-04,76.551878451207,Saturday,827
1,16.20164959300577,828,828,828,2023-02-04,16.20164959300577,Saturday,828
4,15.808483229666091,829,829,829,2023-02-04,63.233932918664365,Saturday,829
3,17.397321352936437,830,830,830,2023-02-04,52.19196405880931,Saturday,830
4,11.693018314663156,831,831,831,2023-02-04,46.77207325865262,Saturday,831
5,17.087667989267494,832,832,832,2023-02-04,85.43833994633746,Saturday,832
5,5.119466071181767,833,833,833,2023-02-04,25.59733035590884,Saturday,833
4,18.86841583065208,834,834,834,2023-02-04,75.4736633226083,Saturday,834
1,11.64959764275763,835,835,835,2023-02-04,11.64959764275763,Saturday,835
1,13.300702817986211,836,836,836,2023-02-04,13.300702817986211,Saturday,836
1,8.823233733723235,837,837,837,2023-02-04,8.823233733723235,Saturday,837
4,16.13796249260632,838,838,838,2023-02-04,64.55184997042528,Saturday,838
1,6.149537097128732,839,839,839,2023-02-04,6.149537097128732,Saturday,839
3,18.08953703820253,840,840,840,2023-02-04,54.26861111460759,Saturday,840
5,17.421752435095144,841,841,841,2023-02-05,87.10876217547572,Sunday,841
3,8.240901743671497,842,842,842,2023-02-05,24.72270523101449,Sunday,842
1,17.139865974278933,843,843,843,2023-02-05,17.139865974278933,Sunday,843
3,16.79536599592222,844,844,844,2023-02-05,50.38609798776666,Sunday,844
1,14.483248966309237,845,845,845,2023-02-05,14.483248966309237,Sunday,845
4,10.602802653495312,846,846,846,2023-02-05,42.41121061398125,Sunday,846
3,9.072481312728016,847,847,847,2023-02-05,27.21744393818405,Sunday,847
4,8.47675385434025,848,848,848,2023-02-05,33.907015417361,Sunday,848
4,9.779134441454108,849,849,849,2023-02-05,39.11653776581643,Sunday,849
2,18.553376651487955,850,850,850,2023-02-05,37.10675330297591,Sunday,850
1,6.164611639831719,851,851,851,2023-02-05,6.164611639831719,Sunday,851
5,17.43306914379438,852,852,852,2023-02-05,87.1653457189719,Sunday,852
1,10.233351125627356,853,853,853,2023-02-05,10.233351125627356,Sunday,853
5,12.823990940170372,854,854,854,2023-02-05,64.11995470085186,Sunday,854
1,16.917284504727363,855,855,855,2023-02-05,16.917284504727363,Sunday,855
4,18.26564820534457,856,856,856,2023-02-05,73.06259282137827,Sunday,856
3,10.171721301089704,857,857,857,2023-02-05,30.515163903269112,Sunday,857
3,11.927652219126657,858,858,858,2023-02-05,35.78295665737996,Sunday,858
2,11.217740972251883,859,859,859,2023-02-05,22.435481944503767,Sunday,859
5,5.1987655025586585,860,860,860,2023-02-05,25.99382751279329,Sunday,860
5,9.43914333287985,861,861,861,2023-02-05,47.19571666439925,Sunday,861
5,11.887838505988428,862,862,862,2023-02-05,59.43919252994213,Sunday,862
4,11.166404133206598,863,863,863,2023-02-05,44.66561653282639,Sunday,863
5,15.82893841273519,864,864,864,2023-02-05,79.14469206367596,Sunday,864
3,10.772054258316548,865,865,865,2023-02-06,32.316162774949646,Monday,865
4,12.340646734560051,866,866,866,2023-02-06,49.36258693824021,Monday,866
1,11.44412888198545,867,867,867,2023-02-06,11.44412888198545,Monday,867
5,16.109392233415555,868,868,868,2023-02-06,80.54696116707777,Monday,868
5,17.94458598480444,869,869,869,2023-02-06,89.7229299240222,Monday,869
1,12.978336185112711,870,870,870,2023-02-06,12.978336185112711,Monday,870
5,16.841482912927866,871,871,871,2023-02-06,84.20741456463932,Monday,871
1,9.45180023029776,872,872,872,2023-02-06,9.45180023029776,Monday,872
4,13.120544152359033,873,873,873,2023-02-06,52.48217660943613,Monday,873
3,10.178449305049586,874,874,874,2023-02-06,30.53534791514876,Monday,874
1,11.213013883577457,875,875,875,2023-02-06,11.213013883577457,Monday,875
2,15.986207972190028,876,876,876,2023-02-06,31.972415944380057,Monday,876
1,18.22493723499069,877,877,877,2023-02-06,18.22493723499069,Monday,877
5,6.822430866316481,878,878,878,2023-02-06,34.11215433158241,Monday,878
4,14.519588847310708,879,879,879,2023-02-06,58.07835538924283,Monday,879
4,13.732157113666975,880,880,880,2023-02-06,54.92862845466791,Monday,880
1,6.776225587638978,881,881,881,2023-02-06,6.776225587638978,Monday,881
3,8.178414956601635,882,882,882,2023-02-06,24.535244869804902,Monday,882
2,9.665037420990204,883,883,883,2023-02-06,19.33007484198041,Monday,883
4,7.503966062262522,884,884,884,2023-02-06,30.01586424905009,Monday,884
5,8.655942237865126,885,885,885,2023-02-06,43.27971118932563,Monday,885
5,9.014011982925611,886,886,886,2023-02-06,45.07005991462806,Monday,886
3,10.035107495585894,887,887,887,2023-02-06,30.10532248675768,Monday,887
4,16.240856792017386,888,888,888,2023-02-06,64.96342716806954,Monday,888
1,13.57868305775901,889,889,889,2023-02-07,13.57868305775901,Tuesday,889
5,19.793700079271023,890,890,890,2023-02-07,98.96850039635513,Tuesday,890
3,11.221037404512066,891,891,891,2023-02-07,33.663112213536195,Tuesday,891
4,16.307976107553877,892,892,892,2023-02-07,65.23190443021551,Tuesday,892
4,18.072026320648007,893,893,893,2023-02-07,72.28810528259203,Tuesday,893
4,15.18467739557063,894,894,894,2023-02-07,60.73870958228252,Tuesday,894
4,11.17797110626244,895,895,895,2023-02-07,44.71188442504976,Tuesday,895
4,16.303919461186297,896,896,896,2023-02-07,65.21567784474519,Tuesday,896
5,8.055007066590273,897,897,897,2023-02-07,40.27503533295136,Tuesday,897
3,9.913282477701989,898,898,898,2023-02-07,29.73984743310596,Tuesday,898
4,13.200278826489331,899,899,899,2023-02-07,52.801115305957325,Tuesday,899
2,13.631140809292225,900,900,900,2023-02-07,27.26228161858445,Tuesday,900
2,5.332122132089442,901,901,901,2023-02-07,10.664244264178883,Tuesday,901
3,19.176712831340133,902,902,902,2023-02-07,57.5301384940204,Tuesday,902
1,15.44940906826085,903,903,903,2023-02-07,15.44940906826085,Tuesday,903
1,12.435556253478364,904,904,904,2023-02-07,12.435556253478364,Tuesday,904
1,18.996908516124627,905,905,905,2023-02-07,18.996908516124627,Tuesday,905
2,11.586433478762428,906,906,906,2023-02-07,23.172866957524853,Tuesday,906
1,19.70653355405557,907,907,907,2023-02-07,19.70653355405557,Tuesday,907
5,12.684271358652277,908,908,908,2023-02-07,63.42135679326138,Tuesday,908
4,6.714286549969692,909,909,909,2023-02-07,26.85714619987877,Tuesday,909
2,16.47201458688916,910,910,910,2023-02-07,32.94402917377832,Tuesday,910
3,15.183465876167608,911,911,911,2023-02-07,45.55039762850282,Tuesday,911
3,16.594800819583803,912,912,912,2023-02-07,49.78440245875141,Tuesday,912
4,19.271630430885217,913,913,913,2023-02-08,77.08652172354087,Wednesday,913
2,16.64733953976527,914,914,914,2023-02-08,33.29467907953054,Wednesday,914
1,14.170049033249704,915,915,915,2023-02-08,14.170049033249704,Wednesday,915
1,17.859633535412613,916,916,916,2023-02-08,17.859633535412613,Wednesday,916
5,15.098696590317973,917,917,917,2023-02-08,75.49348295158987,Wednesday,917
5,11.121785852388848,918,918,918,2023-02-08,55.60892926194423,Wednesday,918
1,18.2842964636266,919,919,919,2023-02-08,18.2842964636266,Wednesday,919
3,8.328506911765594,920,920,920,2023-02-08,24.98552073529678,Wednesday,920
3,15.719619123630864,921,921,921,2023-02-08,47.15885737089259,Wednesday,921
5,18.22345182411136,922,922,922,2023-02-08,91.11725912055677,Wednesday,922
4,15.969747795549443,923,923,923,2023-02-08,63.87899118219777,Wednesday,923
1,15.459131285807851,924,924,924,2023-02-08,15.459131285807851,Wednesday,924
5,16.28957441107754,925,925,925,2023-02-08,81.44787205538769,Wednesday,925
5,11.975828724509665,926,926,926,2023-02-08,59.87914362254833,Wednesday,926
1,18.112560232355392,927,927,927,2023-02-08,18.112560232355392,Wednesday,927
1,8.051547127041367,928,928,928,2023-02-08,8.051547127041367,Wednesday,928
3,6.910796240005089,929,929,929,2023-02-08,20.732388720015265,Wednesday,929
4,9.282631701777674,930,930,930,2023-02-08,37.1305268071107,Wednesday,930
4,12.973660951624897,931,931,931,2023-02-08,51.89464380649959,Wednesday,931
1,12.65842693114007,932,932,932,2023-02-08,12.65842693114007,Wednesday,932
2,17.3089813651488,933,933,933,2023-02-08,34.6179627302976,Wednesday,933
5,11.068529846060262,934,934,934,2023-02-08,55.342649230301305,Wednesday,934
5,12.26516639437263,935,935,935,2023-02-08,61.325831971863145,Wednesday,935
1,5.200515248890935,936,936,936,2023-02-08,5.200515248890935,Wednesday,936
2,11.146088546644089,937,937,937,2023-02-09,22.29217709328817,Thursday,937
3,14.716613494255132,938,938,938,2023-02-09,44.1498404827654,Thursday,938
1,5.2326249593988825,939,939,939,2023-02-09,5.2326249593988825,Thursday,939
1,9.213229477793655,940,940,940,2023-02-09,9.213229477793655,Thursday,940
5,8.119345389340848,941,941,941,2023-02-09,40.59672694670424,Thursday,941
1,5.629781433643823,942,942,942,2023-02-09,5.629781433643823,Thursday,942
1,12.188901348718062,943,943,943,2023-02-09,12.188901348718062,Thursday,943
1,7.725849398422348,944,944,944,2023-02-09,7.725849398422348,Thursday,944
5,16.146223094470702,945,945,945,2023-02-09,80.73111547235351,Thursday,945
3,17.718918256450227,946,946,946,2023-02-09,53.15675476935069,Thursday,946
3,13.183777740037216,947,947,947,2023-02-09,39.55133322011165,Thursday,947
1,19.72561013781712,948,948,948,2023-02-09,19.72561013781712,Thursday,948
5,11.75717857205893,949,949,949,2023-02-09,58.78589286029465,Thursday,949
3,12.700523153373734,950,950,950,2023-02-09,38.1015694601212,Thursday,950
3,19.83826630936625,951,951,951,2023-02-09,59.51479892809876,Thursday,951
3,8.473226539475732,952,952,952,2023-02-09,25.4196796184272,Thursday,952
5,19.13818909515357,953,953,953,2023-02-09,95.69094547576788,Thursday,953
5,5.642563326786699,954,954,954,2023-02-09,28.212816633933496,Thursday,954
1,11.69580335394792,955,955,955,2023-02-09,11.69580335394792,Thursday,955
4,6.050052681995987,956,956,956,2023-02-09,24.200210727983947,Thursday,956
3,15.938521143704644,957,957,957,2023-02-09,47.81556343111393,Thursday,957
4,14.126134038200266,958,958,958,2023-02-09,56.504536152801066,Thursday,958
5,15.599513952013949,959,959,959,2023-02-09,77.99756976006974,Thursday,959
5,10.617205999520255,960,960,960,2023-02-09,53.08602999760127,Thursday,960
5,10.542229010470704,961,961,961,2023-02-10,52.71114505235352,Friday,961
4,5.679789184413419,962,962,962,2023-02-10,22.71915673765368,Friday,962
5,10.249174092944596,963,963,963,2023-02-10,51.24587046472298,Friday,963
1,18.93932603393089,964,964,964,2023-02-10,18.93932603393089,Friday,964
5,10.688398057706737,965,965,965,2023-02-10,53.44199028853368,Friday,965
2,17.47051559332955,966,966,966,2023-02-10,34.9410311866591,Friday,966
4,17.634882571249012,967,967,967,2023-02-10,70.53953028499605,Friday,967
2,10.598617345688506,968,968,968,2023-02-10,21.19723469137701,Friday,968
5,14.479830205942836,969,969,969,2023-02-10,72.39915102971418,Friday,969
1,6.43057403409588,970,970,970,2023-02-10,6.43057403409588,Friday,970
3,6.555178711014147,971,971,971,2023-02-10,19.66553613304244,Friday,971
5,5.7298649549257,972,972,972,2023-02-10,28.649324774628496,Friday,972
1,13.715226400626642,973,973,973,2023-02-10,13.715226400626642,Friday,973
4,11.391064664391456,974,974,974,2023-02-10,45.56425865756582,Friday,974
2,13.2204853499636,975,975,975,2023-02-10,26.440970699927203,Friday,975
2,12.816097857625817,976,976,976,2023-02-10,25.63219571525164,Friday,976
2,10.253044866360954,977,977,977,2023-02-10,20.506089732721907,Friday,977
4,15.162101222352094,978,978,978,2023-02-10,60.648404889408376,Friday,978
1,16.37752821374586,979,979,979,2023-02-10,16.37752821374586,Friday,979
4,5.219423883165136,980,980,980,2023-02-10,20.877695532660542,Friday,980
2,8.108634496533174,981,981,981,2023-02-10,16.217268993066348,Friday,981
5,15.698538021250052,982,982,982,2023-02-10,78.49269010625025,Friday,982
3,10.799302589507512,983,983,983,2023-02-10,32.397907768522536,Friday,983
4,14.937259204124125,984,984,984,2023-02-10,59.74903681649649,Friday,984
4,10.204439896018377,985,985,985,2023-02-11,40.81775958407351,Saturday,985
1,10.861327284944556,986,986,986,2023-02-11,10.861327284944556,Saturday,986
1,7.3801831053452736,987,987,987,2023-02-11,7.3801831053452736,Saturday,987
4,8.8734652949924,988,988,988,2023-02-11,35.4938611799696,Saturday,988
2,14.081176362613808,989,989,989,2023-02-11,28.162352725227617,Saturday,989
3,11.497446669727497,990,990,990,2023-02-11,34.492340009182485,Saturday,990
1,16.61454024416893,991,991,991,2023-02-11,16.61454024416893,Saturday,991
2,17.788774324075142,992,992,992,2023-02-11,35.577548648150284,Saturday,992
5,13.1246962732514,993,993,993,2023-02-11,65.623481366257,Saturday,993
1,16.37400938084089,994,994,994,2023-02-11,16.37400938084089,Saturday,994
2,9.60356769791855,995,995,995,2023-02-11,19.2071353958371,Saturday,995
2,11.224568231001172,996,996,996,2023-02-11,22.449136462002347,Saturday,996
3,15.691665143252465,997,997,997,2023-02-11,47.074995429757394,Saturday,997
3,10.79317989225546,998,998,998,2023-02-11,32.37953967676638,Saturday,998
5,13.827574027384832,999,999,999,2023-02-11,69.13787013692416,Saturday,999
2,7.780591686237672,1000,1000,1000,2023-02-11,15.561183372475345,Saturday,1000
